Warmup,Base,pre-ef-host,Ours
131.90188932418823,333.84190487861633,253.72093677520752,138.4410970211029
