Warmup,Base
279.0627248287201,652.5740585327148
