Warmup,Base,pre-ef-host,Ours
202.47124648094177,458.8362281322479,376.9478905200958,169.22871828079224
