Warmup,Base,pre-ef-host,Ours
18.98047399520874,18.966885566711426,18.953823804855347,19.01412606239319
