Warmup,Base,pre-ef-host,Ours
244.51575326919556,698.6916921138763,491.3915841579437,213.30954885482788
