Warmup,Base,pre-ef-host,Ours
165.008225440979,599.2597100734711,224.5006594657898,169.47868394851685
