Warmup,Base,pre-ef-host,Ours
58.66797494888306,57.42370390892029,55.922929763793945,58.84810256958008
